name,link,amount,rrp,price,discount,final
100% Cyclic-Dextrin Carbs,sports-nutrition/100-cyclic-dextrin-carbs/11281390,1000,23.99,23.99,35,0.0155935
100% Dextrose Glucose Carbs,sports-nutrition/100-dextrose-glucose-carbs/10530118,5000,16.99,16.99,50,0.001699
100% Gluten-Free Rolled Oats,sports-nutrition/100-gluten-free-rolled-oats/11247305,5000,18.99,18.99,50,0.001899
100% Instant Oats,sports-nutrition/100-instant-oats/10529296,5000,10.99,10.99,50,0.001099
100% L-Lysine Powder,sports-nutrition/100-l-lysine-powder/10529480,250,24.99,24.99,50,0.04998
100% Magnesium Citrate Powder,sports-nutrition/100-magnesium-citrate-powder/10530171,500,21.99,21.99,50,0.02199
100% Maltodextrin Carbs,sports-nutrition/100-maltodextrin-carbs/10530114,5000,13.49,13.49,50,0.001349
100% NAC Powder,sports-nutrition/100-nac-powder/10530371,100,10.99,10.99,50,0.05495
100% Rolled Oats,sports-nutrition/100-rolled-oats/10995918,5000,17.99,17.99,50,0.001799
100% Vitamin C Powder,sports-nutrition/100-vitamin-c-powder/10530070,100,8.99,8.99,50,0.04495
100% Waxy Maize Starch,sports-nutrition/100-waxy-maize-starch/10529396,5000,33.99,33.99,50,0.003399
A-Z Multivitamin Tablets,sports-nutrition/a-z-multivitamin-tablets/11521278,90,7.99,7.99,35,0.0577056
Algae Oil Capsules,vitamins/algae-oil-capsules/11338754,90,24.99,24.99,35,0.1804833
All-Natural Almond Butter,sports-nutrition/all-natural-almond-butter/10575082,1000,19.99,19.99,35,0.0129935
All-Natural Cashew Butter,sports-nutrition/all-natural-cashew-butter/10653914,1000,18.99,18.99,35,0.0123435
All-Natural Peanut Butter,sports-nutrition/all-natural-peanut-butter/10530743,1000,7.99,7.99,35,0.0051935
All-Natural Triple Nut Butter,sports-nutrition/all-natural-triple-nut-butter/11091291,1000,22.99,22.99,35,0.0149435
All-Natural Whole Almonds,sports-nutrition/all-natural-whole-almonds/10530430,400,10.99,10.99,35,0.0178588
Apple Cider Vinegar Gummies,vitamins/apple-cider-vinegar-gummies/12543332,60,17.99,17.99,35,0.1948917
Baked Protein Cookie,sports-nutrition/baked-protein-cookie/11214993,12,19.99,19.99,50,0.8329167
Beauty Collagen Shot,sports-nutrition/beauty-collagen-shot/11410202,12,32.99,32.99,35,1.7869583
Calcium & Magnesium Tablets,sports-nutrition/calcium-magnesium-tablets/11311254,270,15.99,15.99,50,0.0296111
Calcium & Vitamin D3 Tablets,sports-nutrition/calcium-vitamin-d3-tablets/11311236,180,9.49,9.49,50,0.0263611
Chewable Vitamin C Tablets,sports-nutrition/chewable-vitamin-c-tablets/11311251,180,11.99,11.99,35,0.0432972
Choc Protein Balls,sports-nutrition/choc-protein-balls/10979748,10,17.99,17.99,35,1.16935
Chromium Picolinate Tablets,sports-nutrition/chromium-picolinate-tablets/10530638,180,8.99,8.99,35,0.0324639
CLA Capsules,sports-nutrition/cla-capsules/10530408,180,19.99,19.99,50,0.0555278
Clear Vegan Protein,sports-nutrition/clear-vegan-protein/12360400,40,43.99,40.99,35,0.6660875
Clear Whey Isolate,sports-nutrition/clear-whey-isolate/12081395,35,37.99,37.99,35,0.7055286
Cod Liver Oil Softgels,sports-nutrition/cod-liver-oil-softgels/10529661,90,5.99,5.99,50,0.0332778
Collagen Powder,sports-nutrition/collagen-powder/12104575,250,14.99,14.99,35,0.038974
Collagen Protein,sports-nutrition/collagen-protein/11067704,2500,86.99,86.99,35,0.0226174
Daily Multivitamin Tablets,sports-nutrition/daily-multivitamin-tablets/10530076,180,15.99,15.99,50,0.0444167
Diet Protein Blend,sports-nutrition/diet-protein-blend/11311019,500,14.99,14.99,35,0.019487
Electrolytes Plus Tablets,sports-nutrition/electrolytes-plus-tablets/10529467,180,10.99,10.99,50,0.0305278
Energy Gel Elite,sports-nutrition/energy-gel-elite/11271257,20,21.99,21.99,35,0.714675
Essential BCAA 2:1:1 Powder,sports-nutrition/essential-bcaa-2-1-1-powder/10529280,1000,54.99,54.99,50,0.027495
Essential BCAA 2:1:1 Tablets,sports-nutrition/essential-bcaa-2-1-1-tablets/10636967,120,18.99,18.99,50,0.079125
Essential BCAA 4:1:1 Powder,sports-nutrition/essential-bcaa-4-1-1-powder/10830546,1000,60.99,60.99,50,0.030495
Essential Omega-3,sports-nutrition/essential-omega-3/10529329,250,15.99,15.99,50,0.03198
Extreme Gainer Blend,sports-nutrition/extreme-gainer-blend/10615587,2500,34.99,34.99,35,0.0090974
Hydrolysed Beef Protein,sports-nutrition/hydrolysed-beef-protein/10902405,2500,40.99,40.99,35,0.0106574
Impact EAA,sports-nutrition/impact-eaa/11985042,1000,77.99,77.99,50,0.038995
Impact Whey Isolate,sports-nutrition/impact-whey-isolate/10530911,5000,129.99,129.99,35,0.0168987
Impact Whey Protein,sports-nutrition/impact-whey-protein/10530943,5000,109.99,109.99,35,0.0142987
Iso:Pro Whey Protein,sports-nutrition/iso-pro-whey-protein/10860373,1000,32.49,32.49,35,0.0211185
Krill Oil Capsules,sports-nutrition/krill-oil-capsules/10530669,250,57.99,57.99,50,0.11598
Lean Cookie,sports-nutrition/lean-cookie/11200865,12,20.99,20.99,35,1.1369583
Lean Flapjack,sports-nutrition/lean-flapjack-sample/11426295,12,17.99,17.99,35,0.9744583
Lean Protein Bar,sports-nutrition/lean-protein-bar/11534149,12,22.99,22.99,35,1.2452917
Multivitamin Gummies,vitamins/multivitamin-gummies/12088106,60,13.99,13.49,0,0.2248333
Myvitamins Lutein+,vitamins/myvitamins-lutein/12666309,90,24.99,24.99,35,0.1804833
Oat Bakes,sports-nutrition/oat-bakes/12191274,12,19.99,19.99,35,1.0827917
Oats & Whey Protein Bar,sports-nutrition/oats-whey-protein-bar/10529358,18,19.99,19.99,35,0.7218611
Omega 3-6-9 Softgels,sports-nutrition/omega-3-6-9-softgels/10529442,120,10.49,10.49,50,0.0437083
Omega Balance Softgels,sports-nutrition/omega-balance-softgels/10636962,250,37.99,37.99,35,0.098774
Omega-3 Elite,sports-nutrition/omega-3-elite/11243163,250,59.99,59.99,35,0.155974
Omega-3 Plus Softgels,sports-nutrition/omega-3-plus-softgels/10615610,250,39.99,39.99,35,0.103974
Organic Cacao Nibs,sports-nutrition/organic-cacao-nibs/11147211,300,5.99,5.99,35,0.0129783
Organic Cacao Powder,sports-nutrition/organic-cacao-powder/11147223,250,6.99,6.99,50,0.01398
Organic Chia Super Seeds,sports-nutrition/organic-chia-super-seeds/11147215,300,6.99,6.99,35,0.015145
Organic Peanut Butter,sports-nutrition/organic-peanut-butter/11194386,1000,11.99,11.99,35,0.0077935
Potassium Tablets,vitamins/potassium-tablets/11338769,270,15.99,15.99,35,0.0384944
Powdered Peanut Butter,sports-nutrition/powdered-peanut-butter/11413392,180,10.99,10.99,35,0.0396861
Protein Break Bar,sports-nutrition/protein-break-bar/12053063,16,21.99,20.49,35,0.8324062
Protein Brownie,sports-nutrition/protein-brownie/11094927,12,19.99,19.99,50,0.8329167
Protein Choc Chunky,sports-nutrition/protein-choc-chunky/11431044,10,22.99,21.49,35,1.39685
Protein Choc Crispies,sports-nutrition/protein-choc-crispies/11067360,10,14.99,14.99,35,0.97435
Protein Chocolate,sports-nutrition/protein-chocolate/11253897,70,5.99,5.99,35,0.0556214
Protein Cookie,sports-nutrition/protein-cookie/10530674,12,22.99,22.99,35,1.2452917
Protein Flapjack,sports-nutrition/protein-flapjack/11147245,12,18.99,18.99,35,1.028625
Protein Hot Chocolate,sports-nutrition/protein-hot-chocolate/10926373,1000,16.99,16.99,50,0.008495
Protein Meal Replacement Blend,sports-nutrition/protein-meal-replacement-blend/11324199,2500,49.99,49.99,50,0.009998
Recovery Gel Elite,sports-nutrition/recovery-gel-elite/11214831,12,31.99,31.99,35,1.7327917
Soy Protein Isolate,sports-nutrition/soy-protein-isolate/10529701,2500,32.99,32.99,50,0.006598
Thermopure,sports-nutrition/thermopure/10530152,180,25.99,25.99,50,0.0721944
Total Protein Blend,sports-nutrition/total-protein-blend/10529951,5000,79.99,79.99,50,0.007999
Vegan A-Z Multivitamin Capsules,sports-nutrition/vegan-a-z-multivitamin-capsules/11802977,180,19.99,19.99,35,0.0721861
Vegan Baked Cookie Chocolate Chip,sports-nutrition/vegan-baked-cookie/11775775,12,18.99,18.99,35,1.028625
Vegan Baked Cookie Double Chocolate,sports-nutrition/vegan-baked-cookie/11775775,12,18.99,18.99,35,1.028625
Vegan Baked Cookie Salted Caramel flavour,sports-nutrition/vegan-baked-cookie/11775775,12,18.99,18.99,35,1.028625
Vegan Omega 3 Softgels,sports-nutrition/vegan-omega-3-softgels/11447800,180,26.99,26.99,35,0.0974639
Vegan Protein Blend,sports-nutrition/vegan-protein-blend/11776868,2500,58.99,58.99,50,0.011798
Vitacholine,sports-nutrition/vitacholine/11724598,30,14.99,14.99,35,0.3247833
Vitafiber,sports-nutrition/vitafiber/11106652,500,14.99,14.99,35,0.019487
Vitamin A Softgels,vitamins/vitamin-a-softgels/11338721,90,5.99,5.99,35,0.0432611
Vitamin B Plus Tablets,sports-nutrition/vitamin-b-plus-tablets/10530082,180,18.99,18.99,50,0.05275
Vitamin B Tablets,sports-nutrition/vitamin-b-tablets/10530079,360,12.99,12.99,50,0.0180417
Vitamin B12 Tablets,sports-nutrition/vitamin-b12-tablets/11543361,180,14.99,14.99,50,0.0416389
Vitamin C Plus Tablets,sports-nutrition/vitamin-c-plus-tablets/10575249,180,17.99,17.99,50,0.0499722
Vitamin D3 Softgels,sports-nutrition/vitamin-d3-softgels/10530530,360,7.99,7.99,50,0.0110972
Weight Gainer Blend,sports-nutrition/weight-gainer-blend/10529988,5000,54.99,54.99,50,0.005499
Whole Fuel Blend,sports-nutrition/whole-fuel-blend/11314911,2500,18.99,18.99,35,0.0049374
